{
  "metadata": {
    "timestamp": "2026-04-20T13:04:36.854821",
    "model_name": "dummy_most_frequent",
    "evaluation_mode": "cv10",
    "experiment_tag": "ml_shortlist_cv10_sensy2",
    "train_path": "data/dataset_SensY2.0.json",
    "test_path": null,
    "random_state": 42,
    "dataset_info": {
      "train_rows": 14751
    }
  },
  "metrics": {
    "accuracy": [
      0.6840892012309954,
      6.42138624776134e-05
    ],
    "precision_macro": [
      0.3420446006154977,
      3.21069312388067e-05
    ],
    "recall_macro": [
      0.5,
      0.0
    ],
    "f1_macro": [
      0.406207224223769,
      2.2638854882023328e-05
    ],
    "precision_micro": [
      0.6840892012309954,
      6.42138624776134e-05
    ],
    "recall_micro": [
      0.6840892012309954,
      6.42138624776134e-05
    ],
    "f1_micro": [
      0.6840892012309954,
      6.42138624776134e-05
    ],
    "precision_weighted": [
      0.46797803936428134,
      8.786701556757759e-05
    ],
    "recall_weighted": [
      0.6840892012309954,
      6.42138624776134e-05
    ],
    "f1_weighted": [
      0.5557639540144527,
      8.315001519118014e-05
    ],
    "precision_per_class": {
      "0": [
        0.6840892012309954,
        6.42138624776134e-05
      ],
      "1": [
        0.0,
        0.0
      ]
    },
    "recall_per_class": {
      "0": [
        1.0,
        0.0
      ],
      "1": [
        0.0,
        0.0
      ]
    },
    "f1_per_class": {
      "0": [
        0.812414448447538,
        4.5277709764046656e-05
      ],
      "1": [
        0.0,
        0.0
      ]
    },
    "roc_auc": [
      0.5,
      0.0
    ],
    "pr_auc": [
      0.31591079876900463,
      6.42138624776134e-05
    ]
  }
}