{
  "metadata": {
    "timestamp": "2026-04-20T13:05:24.842641",
    "model_name": "linear_svc",
    "evaluation_mode": "cv10",
    "experiment_tag": "ml_shortlist_cv10_sensy2",
    "train_path": "data/dataset_SensY2.0.json",
    "test_path": null,
    "random_state": 42,
    "dataset_info": {
      "train_rows": 14751
    }
  },
  "metrics": {
    "accuracy": [
      0.9233952505626751,
      0.004847368941718966
    ],
    "precision_macro": [
      0.9152176269500611,
      0.005012557960238884
    ],
    "recall_macro": [
      0.9061272901174939,
      0.007341594711464036
    ],
    "f1_macro": [
      0.9104023018695193,
      0.005924352391176861
    ],
    "precision_micro": [
      0.9233952505626751,
      0.004847368941718966
    ],
    "recall_micro": [
      0.9233952505626751,
      0.004847368941718966
    ],
    "f1_micro": [
      0.9233952505626751,
      0.004847368941718966
    ],
    "precision_weighted": [
      0.9229411571250259,
      0.004956602374445163
    ],
    "recall_weighted": [
      0.9233952505626751,
      0.004847368941718966
    ],
    "f1_weighted": [
      0.9229626972216105,
      0.004983653673126377
    ],
    "precision_per_class": {
      "0": [
        0.9361960198002469,
        0.006464190315758353
      ],
      "1": [
        0.8942392340998753,
        0.008121364348051092
      ]
    },
    "recall_per_class": {
      "0": [
        0.9530271124238292,
        0.0042129416233693895
      ],
      "1": [
        0.8592274678111588,
        0.015390919379434405
      ]
    },
    "f1_per_class": {
      "0": [
        0.9445169799750733,
        0.0033980048893828634
      ],
      "1": [
        0.8762876237639651,
        0.008498834557247906
      ]
    },
    "roc_auc": [
      0.9626591908745314,
      0.005478647005686077
    ],
    "pr_auc": [
      0.9456165352115897,
      0.0059928646123478925
    ]
  }
}