{
  "metadata": {
    "timestamp": "2026-04-20T13:18:43.057509",
    "model_name": "ridge_classifier",
    "evaluation_mode": "cv10",
    "experiment_tag": "ml_shortlist_cv10_sensy2",
    "train_path": "data/dataset_SensY2.0.json",
    "test_path": null,
    "random_state": 42,
    "dataset_info": {
      "train_rows": 14751
    }
  },
  "metrics": {
    "accuracy": [
      0.9243447705663497,
      0.005987434978988154
    ],
    "precision_macro": [
      0.9263712660848415,
      0.0053600630107024485
    ],
    "recall_macro": [
      0.8967153896914765,
      0.009441360478827132
    ],
    "f1_macro": [
      0.909435996493705,
      0.007653863183962974
    ],
    "precision_micro": [
      0.9243447705663497,
      0.005987434978988154
    ],
    "recall_micro": [
      0.9243447705663497,
      0.005987434978988154
    ],
    "f1_micro": [
      0.9243447705663497,
      0.005987434978988154
    ],
    "precision_weighted": [
      0.9247430203597107,
      0.005794054881545195
    ],
    "recall_weighted": [
      0.9243447705663497,
      0.005987434978988154
    ],
    "f1_weighted": [
      0.9229629399950022,
      0.006320894327346025
    ],
    "precision_per_class": {
      "0": [
        0.9219494798136998,
        0.007793417860951323
      ],
      "1": [
        0.930793052355984,
        0.007515280730077582
      ]
    },
    "recall_per_class": {
      "0": [
        0.9717569596404635,
        0.0033540185325297905
      ],
      "1": [
        0.8216738197424892,
        0.019442818012872468
      ]
    },
    "f1_per_class": {
      "0": [
        0.9461754626654505,
        0.004054751098152643
      ],
      "1": [
        0.8726965303219594,
        0.011277076447146194
      ]
    },
    "roc_auc": [
      0.9643433185594302,
      0.004543241630356633
    ],
    "pr_auc": [
      0.948499420454965,
      0.004680582397867419
    ]
  }
}