{
  "metadata": {
    "timestamp": "2026-04-20T13:18:50.177809",
    "model_name": "sgd_classifier",
    "evaluation_mode": "cv10",
    "experiment_tag": "ml_shortlist_cv10_sensy2",
    "train_path": "data/dataset_SensY2.0.json",
    "test_path": null,
    "random_state": 42,
    "dataset_info": {
      "train_rows": 14751
    }
  },
  "metrics": {
    "accuracy": [
      0.9071923659914566,
      0.014685890950130395
    ],
    "precision_macro": [
      0.9098519595630441,
      0.026963011901949562
    ],
    "recall_macro": [
      0.8801933307747378,
      0.01692545959883498
    ],
    "f1_macro": [
      0.8896617145747354,
      0.014278378006009671
    ],
    "precision_micro": [
      0.9071923659914566,
      0.014685890950130395
    ],
    "recall_micro": [
      0.9071923659914566,
      0.014685890950130395
    ],
    "f1_micro": [
      0.9071923659914566,
      0.014685890950130395
    ],
    "precision_weighted": [
      0.9122495490911909,
      0.010133732009801109
    ],
    "recall_weighted": [
      0.9071923659914566,
      0.014685890950130395
    ],
    "f1_weighted": [
      0.9056919483025941,
      0.013453122096401628
    ],
    "precision_per_class": {
      "0": [
        0.9163685370768387,
        0.026389908917425067
      ],
      "1": [
        0.9033353820492496,
        0.07764356634788878
      ]
    },
    "recall_per_class": {
      "0": [
        0.9535197087597759,
        0.04660798000559311
      ],
      "1": [
        0.8068669527896996,
        0.07056138583734733
      ]
    },
    "f1_per_class": {
      "0": [
        0.9332005984017135,
        0.012992791565621812
      ],
      "1": [
        0.8461228307477574,
        0.018023825655392883
      ]
    },
    "roc_auc": [
      0.9544049234238556,
      0.010296972638454591
    ],
    "pr_auc": [
      0.9383214381268674,
      0.008982885927495366
    ]
  }
}