{
  "metadata": {
    "timestamp": "2026-04-20T13:18:41.768168",
    "model_name": "svc",
    "evaluation_mode": "cv10",
    "experiment_tag": "ml_shortlist_cv10_sensy2",
    "train_path": "data/dataset_SensY2.0.json",
    "test_path": null,
    "random_state": 42,
    "dataset_info": {
      "train_rows": 14751
    }
  },
  "metrics": {
    "accuracy": [
      0.9149211336181159,
      0.006003247858371195
    ],
    "precision_macro": [
      0.9216600393555521,
      0.006700781767465686
    ],
    "recall_macro": [
      0.8798375528331533,
      0.008552736919497494
    ],
    "f1_macro": [
      0.8967488541704925,
      0.007609097544836546
    ],
    "precision_micro": [
      0.9149211336181159,
      0.006003247858371195
    ],
    "recall_micro": [
      0.9149211336181159,
      0.006003247858371195
    ],
    "f1_micro": [
      0.9149211336181159,
      0.006003247858371195
    ],
    "precision_weighted": [
      0.9164315108133797,
      0.005993301400334733
    ],
    "recall_weighted": [
      0.9149211336181159,
      0.006003247858371195
    ],
    "f1_weighted": [
      0.9126953995505624,
      0.006311716502054202
    ],
    "precision_per_class": {
      "0": [
        0.9074601378747271,
        0.006493987740714799
      ],
      "1": [
        0.9358599408363764,
        0.010780210972438885
      ]
    },
    "recall_per_class": {
      "0": [
        0.9751257494431306,
        0.004444747250482122
      ],
      "1": [
        0.784549356223176,
        0.016627785946618467
      ]
    },
    "f1_per_class": {
      "0": [
        0.9400605856193728,
        0.004113080822628833
      ],
      "1": [
        0.8534371227216122,
        0.011152398776678065
      ]
    },
    "roc_auc": [
      0.9567942931876823,
      0.004664047394069077
    ],
    "pr_auc": [
      0.938705292518762,
      0.006448677575222163
    ]
  }
}