{
  "model": "gemma",
  "n_samples": 37115,
  "accuracy": 0.7764515694463155,
  "precision_macro": 0.5384575561113146,
  "recall_macro": 0.6934924778047986,
  "f1_macro": 0.5181589342871358,
  "precision_weighted": 0.9486468871376582,
  "recall_weighted": 0.7764515694463155,
  "f1_weighted": 0.8450691646922902,
  "precision_sensitive": 0.9811109164184335,
  "recall_sensitive": 0.7830172847793254,
  "f1_sensitive": 0.8709421518455723,
  "confusion_matrix": [
    [
      822,
      539
    ],
    [
      7758,
      27996
    ]
  ]
}