{
  "metadata": {
    "timestamp": "2026-04-21T09:35:55.882196",
    "model_name": "dummy_most_frequent",
    "evaluation_mode": "holdout",
    "experiment_tag": "ml_shortlist_train_sensy2_test_square",
    "train_path": "data/dataset_SensY2.0.json",
    "test_path": "data/dataset_SQUARE.json",
    "random_state": 42,
    "dataset_info": {
      "train_rows": 14751,
      "test_rows": 37115
    }
  },
  "metrics": {
    "accuracy": [
      0.03666981004984508,
      0.0
    ],
    "precision_macro": [
      0.01833490502492254,
      0.0
    ],
    "recall_macro": [
      0.5,
      0.0
    ],
    "f1_macro": [
      0.035372699864850816,
      0.0
    ],
    "precision_micro": [
      0.03666981004984508,
      0.0
    ],
    "recall_micro": [
      0.03666981004984508,
      0.0
    ],
    "f1_micro": [
      0.03666981004984508,
      0.0
    ],
    "precision_weighted": [
      0.001344674969091719,
      0.0
    ],
    "recall_weighted": [
      0.03666981004984508,
      0.0
    ],
    "f1_weighted": [
      0.0025942203699885202,
      0.0
    ],
    "precision_per_class": {
      "0": [
        0.03666981004984508,
        0.0
      ],
      "1": [
        0.0,
        0.0
      ]
    },
    "recall_per_class": {
      "0": [
        1.0,
        0.0
      ],
      "1": [
        0.0,
        0.0
      ]
    },
    "f1_per_class": {
      "0": [
        0.07074539972970163,
        0.0
      ],
      "1": [
        0.0,
        0.0
      ]
    },
    "roc_auc": [
      0.5,
      0.0
    ],
    "pr_auc": [
      0.963330189950155,
      0.0
    ]
  }
}