{
  "metadata": {
    "timestamp": "2026-04-20T13:19:06.697217",
    "model_name": "extra_trees",
    "evaluation_mode": "cv10",
    "experiment_tag": "ml_shortlist_cv10_sensy2",
    "train_path": "data/dataset_SensY2.0.json",
    "test_path": null,
    "random_state": 42,
    "dataset_info": {
      "train_rows": 14751
    }
  },
  "metrics": {
    "accuracy": [
      0.9126166459969685,
      0.0077968943927539365
    ],
    "precision_macro": [
      0.9282348235133776,
      0.007903447611817108
    ],
    "recall_macro": [
      0.8703573825036279,
      0.011353657303342809
    ],
    "f1_macro": [
      0.8921314562876868,
      0.010237617040122665
    ],
    "precision_micro": [
      0.9126166459969685,
      0.0077968943927539365
    ],
    "recall_micro": [
      0.9126166459969685,
      0.0077968943927539365
    ],
    "f1_micro": [
      0.9126166459969685,
      0.0077968943927539365
    ],
    "precision_weighted": [
      0.9168352394826069,
      0.007495023456534235
    ],
    "recall_weighted": [
      0.9126166459969685,
      0.0077968943927539365
    ],
    "f1_weighted": [
      0.9094365170672049,
      0.008380080624209807
    ],
    "precision_per_class": {
      "0": [
        0.8972729917644671,
        0.008258226814904946
      ],
      "1": [
        0.959196655262288,
        0.011363804226401097
      ]
    },
    "recall_per_class": {
      "0": [
        0.9851353658656252,
        0.0042508973499442325
      ],
      "1": [
        0.755579399141631,
        0.02176710473473337
      ]
    },
    "f1_per_class": {
      "0": [
        0.9391326470309911,
        0.00521739187899146
      ],
      "1": [
        0.8451302655443822,
        0.01529105538443419
      ]
    },
    "roc_auc": [
      0.9519210681186283,
      0.006084956523516024
    ],
    "pr_auc": [
      0.9305987318443968,
      0.006599815654217947
    ]
  }
}