{
  "metadata": {
    "timestamp": "2026-04-20T13:04:55.782215",
    "model_name": "logistic_regression",
    "evaluation_mode": "cv10",
    "experiment_tag": "ml_shortlist_cv10_sensy2",
    "train_path": "data/dataset_SensY2.0.json",
    "test_path": null,
    "random_state": 42,
    "dataset_info": {
      "train_rows": 14751
    }
  },
  "metrics": {
    "accuracy": [
      0.9238023058196685,
      0.006375972205926674
    ],
    "precision_macro": [
      0.9169337408939405,
      0.006745391947541396
    ],
    "recall_macro": [
      0.9050388032376103,
      0.008858126039816578
    ],
    "f1_macro": [
      0.9105832291717293,
      0.007729172287795092
    ],
    "precision_micro": [
      0.9238023058196685,
      0.006375972205926674
    ],
    "recall_micro": [
      0.9238023058196685,
      0.006375972205926674
    ],
    "f1_micro": [
      0.9238023058196685,
      0.006375972205926674
    ],
    "precision_weighted": [
      0.9232906065448072,
      0.0064804291904462805
    ],
    "recall_weighted": [
      0.9238023058196685,
      0.006375972205926674
    ],
    "f1_weighted": [
      0.9232402044338404,
      0.006530313555365417
    ],
    "precision_per_class": {
      "0": [
        0.9341999672310441,
        0.006991213954626101
      ],
      "1": [
        0.8996675145568371,
        0.009103119340502524
      ]
    },
    "recall_per_class": {
      "0": [
        0.9560003532563368,
        0.004209893434137648
      ],
      "1": [
        0.8540772532188841,
        0.0164831453816923
      ]
    },
    "f1_per_class": {
      "0": [
        0.944959975644247,
        0.004492221387195967
      ],
      "1": [
        0.8762064826992116,
        0.010992329856267097
      ]
    },
    "roc_auc": [
      0.9656905027446644,
      0.004618847430930553
    ],
    "pr_auc": [
      0.9496204964817785,
      0.005236274771739201
    ]
  }
}