{
  "metadata": {
    "timestamp": "2026-04-21T22:08:37.544048",
    "model_name": "mlp_features",
    "evaluation_mode": "cv10",
    "experiment_tag": "dl_cv10_sensy2",
    "train_path": "data/dataset_SENSY2.0.json",
    "test_path": null,
    "random_state": 42,
    "dataset_info": {
      "train_rows": 14751,
      "input_type": "features"
    }
  },
  "metrics": {
    "accuracy": [
      0.9278015708970647,
      0.005313651203985993
    ],
    "precision_macro": [
      0.9160648145612165,
      0.006553653271523637
    ],
    "recall_macro": [
      0.9177205654779865,
      0.008975515945440311
    ],
    "f1_macro": [
      0.9166472881299976,
      0.006339731393212568
    ],
    "precision_micro": [
      0.9278015708970647,
      0.005313651203985993
    ],
    "recall_micro": [
      0.9278015708970647,
      0.005313651203985993
    ],
    "f1_micro": [
      0.9278015708970647,
      0.005313651203985993
    ],
    "precision_weighted": [
      0.9283092800989523,
      0.005477698793791058
    ],
    "recall_weighted": [
      0.9278015708970647,
      0.005313651203985993
    ],
    "f1_weighted": [
      0.9278663425552018,
      0.005382376772088147
    ],
    "precision_per_class": {
      "0": [
        0.9493245378135355,
        0.010027445493694194
      ],
      "1": [
        0.8828050913088973,
        0.016702009252761652
      ]
    },
    "recall_per_class": {
      "0": [
        0.9450977833164883,
        0.009759747391839475
      ],
      "1": [
        0.8903433476394851,
        0.023711232563656023
      ]
    },
    "f1_per_class": {
      "0": [
        0.9471186845902384,
        0.0038532705348639958
      ],
      "1": [
        0.886175891669757,
        0.009042053694077679
      ]
    },
    "roc_auc": [
      0.9691457509617791,
      0.005373154452858667
    ],
    "pr_auc": [
      0.9557669085896793,
      0.007939858880304063
    ]
  }
}