{
  "metadata": {
    "timestamp": "2026-04-20T13:19:03.217707",
    "model_name": "random_forest",
    "evaluation_mode": "cv10",
    "experiment_tag": "ml_shortlist_cv10_sensy2",
    "train_path": "data/dataset_SensY2.0.json",
    "test_path": null,
    "random_state": 42,
    "dataset_info": {
      "train_rows": 14751
    }
  },
  "metrics": {
    "accuracy": [
      0.9127526526112721,
      0.009150734351914396
    ],
    "precision_macro": [
      0.9254344170406213,
      0.009431508636707258
    ],
    "recall_macro": [
      0.8724776120427562,
      0.012953488861317662
    ],
    "f1_macro": [
      0.8928163626324161,
      0.011889847641056174
    ],
    "precision_micro": [
      0.9127526526112721,
      0.009150734351914396
    ],
    "recall_micro": [
      0.9127526526112721,
      0.009150734351914396
    ],
    "f1_micro": [
      0.9127526526112721,
      0.009150734351914396
    ],
    "precision_weighted": [
      0.9160054542343469,
      0.008941750962372793
    ],
    "recall_weighted": [
      0.9127526526112721,
      0.009150734351914396
    ],
    "f1_weighted": [
      0.9098337200039335,
      0.009771450165215015
    ],
    "precision_per_class": {
      "0": [
        0.8998253406513967,
        0.009205142089118778
      ],
      "1": [
        0.9510434934298455,
        0.01254933179093111
      ]
    },
    "recall_per_class": {
      "0": [
        0.9818650953301475,
        0.004670438671132488
      ],
      "1": [
        0.7630901287553647,
        0.0239383429482993
      ]
    },
    "f1_per_class": {
      "0": [
        0.9390356040181217,
        0.006163155849953548
      ],
      "1": [
        0.8465971212467107,
        0.017646664123811672
      ]
    },
    "roc_auc": [
      0.950871350574191,
      0.005898648824497432
    ],
    "pr_auc": [
      0.9298097689653606,
      0.007056056957518189
    ]
  }
}