{
    "accuracy": [
        0.6485517984642328,
        0.0
    ],
    "precision_macro": [
        0.5160008937838773,
        0.0
    ],
    "recall_macro": [
        0.6037843933710298,
        0.0
    ],
    "f1_macro": [
        0.4426435156159403,
        0.0
    ],
    "precision_micro": [
        0.6485517984642328,
        0.0
    ],
    "recall_micro": [
        0.6485517984642328,
        0.0
    ],
    "f1_micro": [
        0.6485517984642328,
        0.0
    ],
    "precision_weighted": [
        0.941066000046951,
        0.0
    ],
    "recall_weighted": [
        0.6485517984642328,
        0.0
    ],
    "f1_weighted": [
        0.7565671634727302,
        0.0
    ],
    "precision_per_class": {
        "0": [
            0.057294429708222815,
            0.0
        ],
        "1": [
            0.9747073578595318,
            0.0
        ]
    },
    "recall_per_class": {
        "0": [
            0.5554739162380602,
            0.0
        ],
        "1": [
            0.6520948705039995,
            0.0
        ]
    },
    "f1_per_class": {
        "0": [
            0.10387469084913438,
            0.0
        ],
        "1": [
            0.7814123403827462,
            0.0
        ]
    },
    "roc_auc": [
        0.6629852526840997,
        0.0
    ],
    "pr_auc": [
        0.9798242489729458,
        0.0
    ]
}