{
  "metadata": {
    "timestamp": "2026-04-21T22:12:08.919720",
    "model_name": "textcnn",
    "evaluation_mode": "cv10",
    "experiment_tag": "dl_cv10_sensy2",
    "train_path": "data/dataset_SENSY2.0.json",
    "test_path": null,
    "random_state": 42,
    "dataset_info": {
      "train_rows": 14751,
      "input_type": "text"
    }
  },
  "metrics": {
    "accuracy": [
      0.9089555371824904,
      0.0072615921892163135
    ],
    "precision_macro": [
      0.8995995770092373,
      0.01217263784587613
    ],
    "recall_macro": [
      0.8885279423530132,
      0.0070503384988761285
    ],
    "f1_macro": [
      0.8933565529259452,
      0.007604707092954037
    ],
    "precision_micro": [
      0.9089555371824904,
      0.0072615921892163135
    ],
    "recall_micro": [
      0.9089555371824904,
      0.0072615921892163135
    ],
    "f1_micro": [
      0.9089555371824904,
      0.0072615921892163135
    ],
    "precision_weighted": [
      0.9088323944703213,
      0.0068565927814985194
    ],
    "recall_weighted": [
      0.9089555371824904,
      0.0072615921892163135
    ],
    "f1_weighted": [
      0.9083577582063802,
      0.006884732177819826
    ],
    "precision_per_class": {
      "0": [
        0.924677940851284,
        0.008460559860182803
      ],
      "1": [
        0.8745212131671906,
        0.029190289095693336
      ]
    },
    "recall_per_class": {
      "0": [
        0.9440086744055971,
        0.016319183204140893
      ],
      "1": [
        0.8330472103004292,
        0.022193448023773227
      ]
    },
    "f1_per_class": {
      "0": [
        0.9341005098253078,
        0.00582232843198768
      ],
      "1": [
        0.8526125960265828,
        0.009776613708937619
      ]
    },
    "roc_auc": [
      0.955621917087773,
      0.00504802780643638
    ],
    "pr_auc": [
      0.9349698650101361,
      0.005376609044680895
    ]
  }
}