{
  "metadata": {
    "timestamp": "2026-04-21T18:49:23.765865",
    "model_name": "distilbert_finetuned",
    "evaluation_mode": "cv10",
    "experiment_tag": "distilbert_cv10_sensy2",
    "train_path": "data/dataset_SENSY2.0.json",
    "test_path": null,
    "random_state": 42,
    "dataset_info": {
      "train_rows": 14751,
      "input_type": "text"
    }
  },
  "metrics": {
    "accuracy": [
      0.9386477883422902,
      0.0071542142583467085
    ],
    "precision_macro": [
      0.9260745763401375,
      0.010222473486510678
    ],
    "recall_macro": [
      0.9341374470373445,
      0.006290653898383309
    ],
    "f1_macro": [
      0.929766847848185,
      0.007828605781188824
    ],
    "precision_micro": [
      0.9386477883422902,
      0.0071542142583467085
    ],
    "recall_micro": [
      0.9386477883422902,
      0.0071542142583467085
    ],
    "f1_micro": [
      0.9386477883422902,
      0.0071542142583467085
    ],
    "precision_weighted": [
      0.9397962434868641,
      0.006568546524402273
    ],
    "recall_weighted": [
      0.9386477883422902,
      0.0071542142583467085
    ],
    "f1_weighted": [
      0.9389579910540379,
      0.006963629272774872
    ],
    "precision_per_class": {
      "0": [
        0.9633453379364274,
        0.005561550394640285
      ],
      "1": [
        0.8888038147438475,
        0.021744209981357936
      ]
    },
    "recall_per_class": {
      "0": [
        0.946386482057522,
        0.011893038665558704
      ],
      "1": [
        0.9218884120171674,
        0.012666398766844398
      ]
    },
    "f1_per_class": {
      "0": [
        0.9547308529145925,
        0.005498142701033776
      ],
      "1": [
        0.9048028427817778,
        0.010205755384556961
      ]
    },
    "roc_auc": [
      0.9810897333634816,
      0.0028877841567914986
    ],
    "pr_auc": [
      0.9707858690614122,
      0.004362218489605042
    ]
  }
}