{
  "metadata": {
    "timestamp": "2026-04-21T23:26:47.894437",
    "model_name": "distilbert_finetuned",
    "evaluation_mode": "holdout",
    "experiment_tag": "distilbert_train_sensy2_test_square",
    "train_path": "data/dataset_SENSY2.0.json",
    "test_path": "data/dataset_SQUARE.json",
    "random_state": 42,
    "dataset_info": {
      "train_rows": 14751,
      "test_rows": 37115,
      "input_type": "text"
    }
  },
  "metrics": {
    "accuracy": [
      0.8379092011316179,
      0.0
    ],
    "precision_macro": [
      0.5381492348577728,
      0.0
    ],
    "recall_macro": [
      0.6430505589320311,
      0.0
    ],
    "f1_macro": [
      0.537002371333206,
      0.0
    ],
    "precision_micro": [
      0.8379092011316179,
      0.0
    ],
    "recall_micro": [
      0.8379092011316179,
      0.0
    ],
    "f1_micro": [
      0.8379092011316179,
      0.0
    ],
    "precision_weighted": [
      0.9432592399682429,
      0.0
    ],
    "recall_weighted": [
      0.8379092011316179,
      0.0
    ],
    "f1_weighted": [
      0.8828828097295424,
      0.0
    ],
    "precision_per_class": {
      "0": [
        0.10097719869706841,
        0.0
      ],
      "1": [
        0.9753212710184771,
        0.0
      ]
    },
    "recall_per_class": {
      "0": [
        0.4327700220426157,
        0.0
      ],
      "1": [
        0.8533310958214465,
        0.0
      ]
    },
    "f1_per_class": {
      "0": [
        0.16374756741729218,
        0.0
      ],
      "1": [
        0.9102571752491199,
        0.0
      ]
    },
    "roc_auc": [
      0.718326239590422,
      0.0
    ],
    "pr_auc": [
      0.9829779296018127,
      0.0
    ]
  }
}